DDU,Main ZIP,Pallet,Dispatched?
SCF WENATCHEE,5988,A08,
SCF YAKIMA,5989,A09,
DDU SELAH WA,98942,L41,
DDU SUNNYSIDE,98944,L42,
DDU ELLENSBURG WA,98926,L44,
DDU HERMISTON OR,97838,L45,
DDU GRANDVIEW 0,98930,L46,
DDU WALLA WALLA WA,99362,L47,
DDU BAKER CITY OR,97814,L48,
DDU BENTON CITY,99320,L49,
DDU WEST RICHLAND WA,99353,L50,
DDU WEST RICHLAND WA,99354,L51,
DDU COLLEGE PLACE,99324,L52,
DDU YAKIMA WA,98901,L53,
DDU LA GRANDE OR,97850,L54,
DDU MILTON FREEWATER,97862,L55,
DDU PASCO WA,99301,L56,
DDU PENDLETON OR,97801,L57,
DDU PROSSER,99350,L58,
DDU PASCO WA,99337,L59,
DDU PASCO WA,99336,L60,
DDU WENATCHEE WA,98801,L62,
DDU MOSES LAKE,98837,L63,
Updated 02/12/2018,,,
