DDU,Main ZIP,Pallet,Dispatched?
SCF SEATTLE,5979,A05,
SCF TACOMA,5984,A06,
DDU FERNDALE,98248,H01,
DDU MARYSVILLE CARRIER,98271,H02,
DDU ARLINGTON,98223,H03,
DDU LAKE STEVENS,98258,H05,
DDU EVERETT CARRIER,98204,H06,
DDU BELLINGHAM,98225,H07,
DDU SUMAS,98295,H08,
DDU BLAINE,98230,H09,
DDU MOUNT BAKER,98226,H11,
DDU MARYSVILLE,98270,H12,
DDU SHELTON,98584,H13,
DDU ORTING,98360,H14,
DDU LYNDEN,98264,H15,
DDU BELFAIR,98528,H16,
DDU MERCER ISLAND,98040,H44,
DDU FALL CITY,98024,H45,
DDU CROSSROADS,98007,H47,
DDU KIRKLAND,98033,H48,
DDU BELLEVUE CARRIER ANNEX,98006,H50,
DDU SEATTLE MIDTOWN,98101,H51,
DDU ISSAQUAH,98027,H53,
DDU BELLEVUE CARRIER ANNEX,98005,H54,
DDU BELLEVUE  ,98004,H56,
DDU WAUNA,98395,H57,
DDU KIRKLAND,98034,H59,
DDU NORTH BEND,98045,H62,
DDU GOLD BAR,98251,H63,
DDU BURIEN,98148,K01,
DDU RENTON HIGHLAND,98056,K03,
DDU RENTON HIGHLAND,98057,K04,
DDU RENTON HIGHLAND,98059,K05,
DDU SKYWAY STATION,98178,K06,
DDU RENTON MAIN,98055,K07,
DDU RIVERTON HEIGHT,98158,K08,
DDU AUBURN MAIN,98002,K09,
DDU RIVERTON HEIGHT,98168,K10,
DDU GIG HARBOR,98332,K11,
CR8 SMARTPOST RETURNS,946530459,K12,
DDU UNIVERSITY PLACE,98464,K13,
DDU AUBURN TWIN LAKE,98003,K14,
DDU AUBURN TWIN LAKE,98023,K15,
DDU FIFE ANNEX,98424,K16,
DDU BALLARD CARRIER,98109,K41,
TBG RETURN,946530407,K42,
DDU BALLARD CARRIER,98117,K44,
DDU INTERBAY CARRIER,98199,K45,
DDU UNIVERSITY  ,98105,K47,
DDU WEDGEWOOD,98115,K50,
DDU BALLARD CARRIER,98107,K51,
DDU WALLINGFORD,98103,K53,
DDU INTERBAY CARRIER,98119,K54,
DDU UNIVERSITY PLACE,98406,K56,
DDU JOINT BASE LEWIS MCCHORD,98433,K57,
DDU GRAHAM,98338,K59,
DDU DUPONT,98327,K60,
DDU YELM MAIN,98597,K62,
DDU MILTON MAIN,98354,K63,
DDU WOODINVILLE MAIN,98072,L01,
DDU BOTHELL ,98011,L03,
DDU DUVALL ,98019,L04,
DDU REDMOND ANNEX,98053,L05,
DDU SNOHOMISH,98290,L07,
DDU MONROE,98272,L08,
DDU REDMOND ANNEX,98052,L09,
DDU BURLINGTON ANNEX,98233,R01,
DDU COUPEVILLE,98239,R02,
DDU ANACORTES,98221,R03,
DDU SEDRO WOOLLEY,98284,R04,
DDU MOUNT VERNON,98273,R05,
DDU LYNNWOOD,98087,R06,
DDU STANWOOD,98292,R07,
DDU EVERETT CARRIER,98275,R08,
DDU OAK HARBOR,98277,R09,
DDU EVERETT  ,98201,R10,
DDU EVERETT CARRIER,98208,R11,
DDU EVERETT,98203,R12,
DDU LACEY ,98503,R13,
DDU MONTESANO,98563,R14,
DDU CENTRALIA CARRIER,98531,R15,
DDU ABERDEEN ,98550,R16,
DDU CHELALIS,98532,R17,
DDU OCEAN SHORES,98569,R18,
DDU SEATTLE CARRIER ANNEX,98112,R44,
DDU SEATTLE CARRIER ANNEX,98121,R45,
DDU COLUMBIA,98118,R47,
DDU TERMINAL FINANCE,98144,R48,
DDU WESTWOOD,98106,R50,
DDU SEATTLE CARRIER ANNEX,98102,R51,
DDU WESTWOOD,98126,R53,
DDU WEST SEATTLE,98116,R54,
DDU SEATTLE CARRIER ANNEX,98122,R56,
DDU GEORGETOWN STATION,98108,R57,
DDU OLYMPIA ,98503,R59,
DDU ROCHESTER,98579,R60,
DDU OLYMPIA ,98502,R62,
DDU ELMA,98541,R63,
DDU ABERDEEN ,98520,R65,
DDU SEATTLE CARRIER ANNEX,98174,R66,
DDU LYNNWOOD,98036,S01,
DDU LYNNWOOD,98043,S02,
DDU PERRINVILLE,98026,S03,
DDU BITTERLAKE ,98177,S04,
DDU NORTH CITY ,98155,S05,
DDU PERRINVILLE,98020,S06,
DDU NORTH CITY ,98125,S07,
DDU LYNNWOOD,98037,S08,
DDU BITTERLAKE ,98133,S09,
DDU MILL CREEK,98021,S10,
DDU MILL CREEK,98012,S11,
DDU DES MOINES,98198,S12,
DDU LAKEWOOD,98439,S13,
DDU TACOMA DOWNTOWN,98401,S14,
DDU TACOMA CTRL CARR FACL,98408,S15,
DDU LAKEWOOD,98388,S16,
DDU KENT,98032,S41,
DDU MAPLE VALLEY,98038,S44,
DDU SOUTH HILL,98371,S45,
DDU COVINGTON,98042,S47,
DDU SUMNER,98372,S48,
DDU SUMNER,98390,S50,
DDU ENUMCLAW CARRIER,98022,S51,
DDU KENT ,98031,S53,
DDU BUCKLEY,98321,S54,
DDU SOUTH HILL,98373,S56,
DDU SPANAWAY,98387,S57,
DDU PARKLAND BRANCH,98444,S59,
DDU PROCTOR,98407,S60,
DDU TACOMA CTRL CARR FACL,98404,S62,
DDU LINCOLN,98418,S63,
DDU KINGSTON,98346,T01,
DDU BAINBRIDGE ISLAND,98110,T03,
DDU PORT HADLOCK,98339,T04,
DDU SEQUIM,98382,T05,
DDU PORT TOWNSEND,98368,T06,
DDU WEST HILLS,98311,T07,
DDU SILVERDALE MAIN,98383,T08,
DDU PORT ANGELES,98362,T09,
DDU WEST HILLS,98312,T10,
DDU PORT ORCHARD,98366,T11,
DDU POULSBO,98370,T12,
