DDU,Main ZIP,Pallet,Dispatched?
SCF PORTLAND OR,5968,A03,
DDU SCAPPOOSE OR,97056,B01,
DDU EAST VANCOUVER WA,98664,B03,
DDU WATERFRONT STATION,97205,B05,
DDU SALEM DCU OR,97305,B07,
DDU BATTLE GROUND WA,98604,B09,
DDU WEST SALEM OR,97304,B11,
DDU BEND DCU OR,97702,B13,
DDU EAST VANCOUVER WA,98683,B15,
DDU VISTA STATION OR,97302,B17,
DDU TIGARD OR,97223,B19,
DDU EAST VANCOUVER WA,98662,B21,
DDU FOREST PARK STATION OR,97209,B23,
DDU KENTON OR,97217,B25,
DDU SALEM DCU OR,97303,B27,
DDU REDMOND OR,97756,B29,
DDU MONMOUTH 0,97361,B41,
DDU SILVERTON OR,97362,B42,
DDU SILVERTON OR,97381,B44,
DDU TERREBONNE,97760,B45,
DDU PRINEVILLE OR,97754,B47,
DDU KALAMA,98625,B48,
DDU DOWNTOWN VANCOUVER,98660,B50,
DDU INDEPENDENCE OR,97351,B51,
DDU NEWBERG DCU OR,97132,B53,
DDU BRUSH PRAIRIE,98606,B54,
DDU OREGON CITY OR,97045,B56,
DDU HOLLADAY PARK OR,97212,B59,
DDU MADRAS,97741,B60,
DDU SALEM DCU OR,97301,B62,
DDU BEND OR,97703,B63,
DDU VANCOUVER WA,98665,B65,
DDU LA PINE,97739,B66,
DDU EVERGREEN PORTLAND OR,97006,B68,
DDU BEND OR,97701,B71,
DDU PHILOMATH,97370,B72,
DDU LONGVIEW WA,98632,B74,
MTI RETURNS,946530739,B75,
DDU MCMINNVILLE OR,97128,B77,
DDU SISTERS,97759,B78,
DDU VANCOUVER WA,98661,B80,
DDU LA CENTER,98629,B81,
DDU FOREST PARK STATION OR,97201,B83,
DDU RAINIER OR,97048,B84,
DDU SAINT HELENS OR,97051,B86,
DDU SUNRIVER OR,97707,B87,
DDU RIDGEFIELD WA,98642,B89,
DDU NEWBERG DCU OR,97115,B90,
DDU WOODBURN OR,97071,C01,
DDU WASHOUGAL,98671,C03,
DDU BANKS,97106,C04,
DDU FOREST GROVE OR,97116,C05,
DDU SWEET HOME OR,97386,C06,
DDU CAMAS DCU WA,98607,C07,
DDU TUALATIN DCU OR,97062,C09,
DDU SELLWOOD DCU OR,97202,C11,
DDU BEAVERTON OR,97005,C13,
DDU ALOHA OR,97078,C14,
DDU ALOHA OR,97007,C15,
DDU MULTNOMAH OR,97219,C17,
DDU TUALATIN DCU OR,97140,C19,
DDU MIDWAY STATION,97216,C20,
DDU EVERGREEN PORTLAND OR,97229,C21,
DDU PIEDMONT OR,97211,C23,
DDU WEST SLOPE OR,97221,C25,
DDU SAINT JOHNS OR,97203,C27,
DDU LAKE GROVE OR,97035,C29,
DDU ALBANY OR,97322,C31,
DDU SANDY OR,97055,C32,
DDU PARKROSE OR,97220,C33,
DDU PARKROSE OR,97233,C44,
DDU MOLALLA,97042,C45,
DDU WILSONVILLE OR,97070,C47,
DDU ESTACADA,97023,C48,
DDU ALBANY OR,97321,C50,
DDU BORING OR,97009,C51,
DDU WEST LINN OR,97068,C53,
DDU HILLSBORO DCU OR,97113,C54,
DDU ROSE CITY STATION OR,97213,C56,
DDU EAST PORTLAND OR,97214,C59,
DDU LENTS CARRIER UNIT OR,97236,C62,
DDU CORVALLIS OR,97330,C65,
DDU HILLSBORO DCU OR,97124,C68,
DDU GRESHAM OR,97030,C71,
DDU OAK GROVE BRANCH OR,97267,C74,
DDU CLACKAMAS CARRIER OR,97027,C77,
DDU CRESTON STATION OR,97206,C80,
DDU LEBANON OR,97355,C83,
DDU HILLSBORO DCU OR,97123,C84,
DDU LAKE OSWEGO OR,97034,C86,
DDU TROUTDALE OR,97060,C87,
DDU CANBY OR,97013,C89,
DDU MOLALLA,97038,C90,
DDU KELSO WA,98626,D83,
DDU HOOD RIVER OR,97031,D84,
DDU WOODLAND WA,98674,D85,
DDU DALLAS OR,97338,D86,
DDU LINCOLN CITY OR,97367,D87,
DDU EVERGREEN PORTLAND OR,97003,D88,
DDU TILLAMOOK,97141,D89,
DDU STAYTON OR,97383,D90,
Updated 02/12/2018,,,
