DDU,Main ZIP,Pallet,Dispatched?
SCF SPOKANE,5990,A10,
LIBERTY LAKE,99019,D41,
NINE MILE FALLS,99026,D42,
MANITO,99203,D44,
NEWPORT,99156,D45,
REPUBLIC,99166,D46,
SUNSET,99219,D47,
DEER PARK,99006,D48,
REGAL,99223,D50,
GREENACRES,99016,D51,
ATHOL,83801,D52,
POST FALLS,83854,D53,
RATHDRUM,83858,D54,
OTIS ORCHARDS,99027,D55,
SHADLE GARLAND,99205,D56,
BONNERS FERRY,83805,D57,
PRIEST RIVER,83856,D58,
METRO CARRIER ANNEX,99202,D59,
COLVILLE,99114,D60,
SAGLE,83860,D61,
PULLMAN,99163,D62,
CHENEY,99004,D63,
MEAD,99021,D64,
COEUR D ALENE,83815,D65,
SANDPOINT,83864,D66,
SUNSET HILL,99001,D67,
HAYDEN,83835,D68,
RIVERSIDE,99201,D69,
COLFAX,99111,D70,
NORTHPOINTE,99208,D71,
HAYS PARK,99207,D72,
COLBERT,99005,D73,
OPPORTUNITY,99206,D74,
CLARKSTON,99403,D75,
LEWISTON,83501,D77,
HILL YARD,99217,D78,
MEDICAL LAKE,99022,D79,
MOSCOW,83843,D80,
VERADALE,99037,D81,
KETTLE FALLS,99141,D82,
