DDU,Main ZIP,Pallet,Dispatched?
SCF Eugene,5964,A01,
DDU North Bend OR,97459,L11,
DDU Bandon OR,97411,L12,
DDU Florence OR,97439,L13,
DDU Harrisburg OR,97446,T02,
DDU Roseburg Main OR,97470,T13,
DDU Junction City OR,97448,T14,
DDU Cottage Grove OR,97424,T15,
DDU Sutherlin OR,97479,T41,
DDU Merlin OR,97532,T42,
DDU Springfield OR,97477,T44,
DDU Springfield DCU OR,97478,T45,
DDU Westside OR,97402,T47,
DDU Myrtle Creek OR,97457,T48,
DDU River Road OR,97404,T50,
DDU Coos Bay OR,97420,T51,
DDU Grant Pass DCU OR,97526,T53,
DDU Winston  OR,97496,T54,
DDU Southside Station OR,97405,T56,
DDU Roseburg Main OR,97471,T57,
DDU Eugene Main Carrier,97401,T59,
DDU Creswell OR,97426,T60,
DDU Veneta OR,97487,T62,
Updated 02/28/2018,,,
